id	class	method	parent	flags	annotations	visibility	non-primitive-return	path
1	org.spacious_team.table_wrapper.api.TableCell	getColumnIndex()	0	[]		public	false	/Users/nima/Developer/TableWrapperAPI/src/main/java/org/spacious_team/table_wrapper/api/TableCell.java
2	org.spacious_team.table_wrapper.api.TableCell	getValue()	0	[]		public	true	/Users/nima/Developer/TableWrapperAPI/src/main/java/org/spacious_team/table_wrapper/api/TableCell.java
3	org.spacious_team.table_wrapper.api.TableCell	getIntValue()	0	[]		public	false	/Users/nima/Developer/TableWrapperAPI/src/main/java/org/spacious_team/table_wrapper/api/TableCell.java
4	org.spacious_team.table_wrapper.api.TableCell	getLongValue()	0	[]		public	false	/Users/nima/Developer/TableWrapperAPI/src/main/java/org/spacious_team/table_wrapper/api/TableCell.java
5	org.spacious_team.table_wrapper.api.TableCell	getDoubleValue()	0	[]		public	true	/Users/nima/Developer/TableWrapperAPI/src/main/java/org/spacious_team/table_wrapper/api/TableCell.java
6	org.spacious_team.table_wrapper.api.TableCell	getBigDecimalValue()	0	[]		public	true	/Users/nima/Developer/TableWrapperAPI/src/main/java/org/spacious_team/table_wrapper/api/TableCell.java
7	org.spacious_team.table_wrapper.api.TableCell	getStringValue()	0	[]		public	true	/Users/nima/Developer/TableWrapperAPI/src/main/java/org/spacious_team/table_wrapper/api/TableCell.java
8	org.spacious_team.table_wrapper.api.TableCell	getInstantValue()	0	[]		public	true	/Users/nima/Developer/TableWrapperAPI/src/main/java/org/spacious_team/table_wrapper/api/TableCell.java
9	org.spacious_team.table_wrapper.api.TableCell	getLocalDateTimeValue()	0	[]		public	true	/Users/nima/Developer/TableWrapperAPI/src/main/java/org/spacious_team/table_wrapper/api/TableCell.java
10	org.spacious_team.table_wrapper.api.TableCell	getValueOrDefault(java.lang.Object)	0	[false]		public	true	/Users/nima/Developer/TableWrapperAPI/src/main/java/org/spacious_team/table_wrapper/api/TableCell.java
11	org.spacious_team.table_wrapper.api.TableCell	getIntValueOrDefault(int)	0	[false]		public	false	/Users/nima/Developer/TableWrapperAPI/src/main/java/org/spacious_team/table_wrapper/api/TableCell.java
12	org.spacious_team.table_wrapper.api.TableCell	getLongValueOrDefault(long)	0	[false]		public	false	/Users/nima/Developer/TableWrapperAPI/src/main/java/org/spacious_team/table_wrapper/api/TableCell.java
13	org.spacious_team.table_wrapper.api.TableCell	getDoubleValue(double)	0	[false]		public	false	/Users/nima/Developer/TableWrapperAPI/src/main/java/org/spacious_team/table_wrapper/api/TableCell.java
14	org.spacious_team.table_wrapper.api.TableCell	getBigDecimalValueOrDefault(java.math.BigDecimal)	0	[false]		public	true	/Users/nima/Developer/TableWrapperAPI/src/main/java/org/spacious_team/table_wrapper/api/TableCell.java
15	org.spacious_team.table_wrapper.api.TableCell	getStringValueOrDefault(java.lang.String)	0	[false]		public	true	/Users/nima/Developer/TableWrapperAPI/src/main/java/org/spacious_team/table_wrapper/api/TableCell.java
16	org.spacious_team.table_wrapper.api.TableCell	getInstantValueOrDefault(java.time.Instant)	0	[false]		public	true	/Users/nima/Developer/TableWrapperAPI/src/main/java/org/spacious_team/table_wrapper/api/TableCell.java
17	org.spacious_team.table_wrapper.api.TableCell	getLocalDateTimeValueOrDefault(java.time.LocalDateTime)	0	[false]		public	true	/Users/nima/Developer/TableWrapperAPI/src/main/java/org/spacious_team/table_wrapper/api/TableCell.java
18	org.spacious_team.table_wrapper.api.TableFactory	canHandle(org.spacious_team.table_wrapper.api.ReportPage)	0	[false]		public	false	/Users/nima/Developer/TableWrapperAPI/src/main/java/org/spacious_team/table_wrapper/api/TableFactory.java
19	org.spacious_team.table_wrapper.api.TableFactory	create(org.spacious_team.table_wrapper.api.ReportPage,java.lang.String,java.lang.String,java.lang.Class)	0	[false, false, false, false]		public	true	/Users/nima/Developer/TableWrapperAPI/src/main/java/org/spacious_team/table_wrapper/api/TableFactory.java
20	org.spacious_team.table_wrapper.api.TableFactory	create(org.spacious_team.table_wrapper.api.ReportPage,java.lang.String,java.lang.Class)	0	[false, false, false]		public	true	/Users/nima/Developer/TableWrapperAPI/src/main/java/org/spacious_team/table_wrapper/api/TableFactory.java
21	org.spacious_team.table_wrapper.api.TableFactory	create(org.spacious_team.table_wrapper.api.ReportPage,java.lang.String,java.lang.String,java.lang.Class,int)	0	[false, false, false, false, false]		public	true	/Users/nima/Developer/TableWrapperAPI/src/main/java/org/spacious_team/table_wrapper/api/TableFactory.java
22	org.spacious_team.table_wrapper.api.TableFactory	create(org.spacious_team.table_wrapper.api.ReportPage,java.lang.String,java.lang.Class,int)	0	[false, false, false, false]		public	true	/Users/nima/Developer/TableWrapperAPI/src/main/java/org/spacious_team/table_wrapper/api/TableFactory.java
23	org.spacious_team.table_wrapper.api.TableFactory	create(org.spacious_team.table_wrapper.api.ReportPage,java.util.function.Predicate,java.util.function.Predicate,java.lang.Class)	0	[false, false, false, false]		public	true	/Users/nima/Developer/TableWrapperAPI/src/main/java/org/spacious_team/table_wrapper/api/TableFactory.java
24	org.spacious_team.table_wrapper.api.TableFactory	create(org.spacious_team.table_wrapper.api.ReportPage,java.util.function.Predicate,java.lang.Class)	0	[false, false, false]		public	true	/Users/nima/Developer/TableWrapperAPI/src/main/java/org/spacious_team/table_wrapper/api/TableFactory.java
25	org.spacious_team.table_wrapper.api.TableFactory	create(org.spacious_team.table_wrapper.api.ReportPage,java.util.function.Predicate,java.util.function.Predicate,java.lang.Class,int)	0	[false, false, false, false, false]		public	true	/Users/nima/Developer/TableWrapperAPI/src/main/java/org/spacious_team/table_wrapper/api/TableFactory.java
26	org.spacious_team.table_wrapper.api.TableFactory	create(org.spacious_team.table_wrapper.api.ReportPage,java.util.function.Predicate,java.lang.Class,int)	0	[false, false, false, false]		public	true	/Users/nima/Developer/TableWrapperAPI/src/main/java/org/spacious_team/table_wrapper/api/TableFactory.java
27	org.spacious_team.table_wrapper.api.TableFactory	createNameless(org.spacious_team.table_wrapper.api.ReportPage,java.lang.String,java.lang.String,java.lang.Class)	0	[false, false, false, false]		public	true	/Users/nima/Developer/TableWrapperAPI/src/main/java/org/spacious_team/table_wrapper/api/TableFactory.java
28	org.spacious_team.table_wrapper.api.TableFactory	createNameless(org.spacious_team.table_wrapper.api.ReportPage,java.lang.String,java.lang.Class)	0	[false, false, false]		public	true	/Users/nima/Developer/TableWrapperAPI/src/main/java/org/spacious_team/table_wrapper/api/TableFactory.java
29	org.spacious_team.table_wrapper.api.TableFactory	createNameless(org.spacious_team.table_wrapper.api.ReportPage,java.lang.String,java.lang.String,java.lang.String,java.lang.Class,int)	0	[false, false, false, false, false, false]		public	true	/Users/nima/Developer/TableWrapperAPI/src/main/java/org/spacious_team/table_wrapper/api/TableFactory.java
30	org.spacious_team.table_wrapper.api.TableFactory	createNameless(org.spacious_team.table_wrapper.api.ReportPage,java.lang.String,java.lang.String,java.lang.Class,int)	0	[false, false, false, false, false]		public	true	/Users/nima/Developer/TableWrapperAPI/src/main/java/org/spacious_team/table_wrapper/api/TableFactory.java
31	org.spacious_team.table_wrapper.api.TableFactory	createNameless(org.spacious_team.table_wrapper.api.ReportPage,java.util.function.Predicate,java.util.function.Predicate,java.lang.Class)	0	[false, false, false, false]		public	true	/Users/nima/Developer/TableWrapperAPI/src/main/java/org/spacious_team/table_wrapper/api/TableFactory.java
32	org.spacious_team.table_wrapper.api.TableFactory	createNameless(org.spacious_team.table_wrapper.api.ReportPage,java.util.function.Predicate,java.lang.Class)	0	[false, false, false]		public	true	/Users/nima/Developer/TableWrapperAPI/src/main/java/org/spacious_team/table_wrapper/api/TableFactory.java
33	org.spacious_team.table_wrapper.api.TableFactory	createNameless(org.spacious_team.table_wrapper.api.ReportPage,java.lang.String,java.util.function.Predicate,java.util.function.Predicate,java.lang.Class,int)	0	[false, false, false, false, false, false]		public	true	/Users/nima/Developer/TableWrapperAPI/src/main/java/org/spacious_team/table_wrapper/api/TableFactory.java
34	org.spacious_team.table_wrapper.api.TableFactory	createNameless(org.spacious_team.table_wrapper.api.ReportPage,java.lang.String,java.util.function.Predicate,java.lang.Class,int)	0	[false, false, false, false, false]		public	true	/Users/nima/Developer/TableWrapperAPI/src/main/java/org/spacious_team/table_wrapper/api/TableFactory.java
35	org.spacious_team.table_wrapper.api.TableFactory	create(org.spacious_team.table_wrapper.api.ReportPage,java.lang.String,org.spacious_team.table_wrapper.api.TableCellRange,java.lang.Class,int)	0	[false, false, false, false, false]		public	true	/Users/nima/Developer/TableWrapperAPI/src/main/java/org/spacious_team/table_wrapper/api/TableFactory.java
36	org.spacious_team.table_wrapper.api.ReportPageHelper	getCellStringValueIgnoreCasePrefixPredicate(java.lang.String)	0	[false]		package	true	/Users/nima/Developer/TableWrapperAPI/src/main/java/org/spacious_team/table_wrapper/api/ReportPageHelper.java
37	org.spacious_team.table_wrapper.api.ReportPage	find(java.lang.Object)	0	[false]		public	true	/Users/nima/Developer/TableWrapperAPI/src/main/java/org/spacious_team/table_wrapper/api/ReportPage.java
38	org.spacious_team.table_wrapper.api.ReportPage	find(java.lang.Object,int)	0	[false, false]		public	true	/Users/nima/Developer/TableWrapperAPI/src/main/java/org/spacious_team/table_wrapper/api/ReportPage.java
39	org.spacious_team.table_wrapper.api.ReportPage	find(java.lang.Object,int,int)	0	[false, false, false]		public	true	/Users/nima/Developer/TableWrapperAPI/src/main/java/org/spacious_team/table_wrapper/api/ReportPage.java
40	org.spacious_team.table_wrapper.api.ReportPage	find(java.lang.Object,int,int,int,int)	0	[false, false, false, false, false]		public	true	/Users/nima/Developer/TableWrapperAPI/src/main/java/org/spacious_team/table_wrapper/api/ReportPage.java
41	org.spacious_team.table_wrapper.api.ReportPage	find(java.util.function.Predicate)	0	[false]		public	true	/Users/nima/Developer/TableWrapperAPI/src/main/java/org/spacious_team/table_wrapper/api/ReportPage.java
42	org.spacious_team.table_wrapper.api.ReportPage	find(int,java.util.function.Predicate)	0	[false, false]		public	true	/Users/nima/Developer/TableWrapperAPI/src/main/java/org/spacious_team/table_wrapper/api/ReportPage.java
43	org.spacious_team.table_wrapper.api.ReportPage	find(int,int,java.util.function.Predicate)	0	[false, false, false]		public	true	/Users/nima/Developer/TableWrapperAPI/src/main/java/org/spacious_team/table_wrapper/api/ReportPage.java
44	org.spacious_team.table_wrapper.api.ReportPage	find(int,int,int,int,java.util.function.Predicate)	0	[false, false, false, false, false]		public	true	/Users/nima/Developer/TableWrapperAPI/src/main/java/org/spacious_team/table_wrapper/api/ReportPage.java
45	org.spacious_team.table_wrapper.api.ReportPage	findByPrefix(java.lang.String)	0	[false]		public	true	/Users/nima/Developer/TableWrapperAPI/src/main/java/org/spacious_team/table_wrapper/api/ReportPage.java
46	org.spacious_team.table_wrapper.api.ReportPage	findByPrefix(java.lang.String,int)	0	[false, false]		public	true	/Users/nima/Developer/TableWrapperAPI/src/main/java/org/spacious_team/table_wrapper/api/ReportPage.java
47	org.spacious_team.table_wrapper.api.ReportPage	findByPrefix(java.lang.String,int,int)	0	[false, false, false]		public	true	/Users/nima/Developer/TableWrapperAPI/src/main/java/org/spacious_team/table_wrapper/api/ReportPage.java
48	org.spacious_team.table_wrapper.api.ReportPage	findByPrefix(java.lang.String,int,int,int,int)	0	[false, false, false, false, false]		public	true	/Users/nima/Developer/TableWrapperAPI/src/main/java/org/spacious_team/table_wrapper/api/ReportPage.java
49	org.spacious_team.table_wrapper.api.ReportPage	getNextColumnValue(java.lang.String)	0	[false]		public	true	/Users/nima/Developer/TableWrapperAPI/src/main/java/org/spacious_team/table_wrapper/api/ReportPage.java
50	org.spacious_team.table_wrapper.api.ReportPage	getRow(int)	0	[false]		public	true	/Users/nima/Developer/TableWrapperAPI/src/main/java/org/spacious_team/table_wrapper/api/ReportPage.java
51	org.spacious_team.table_wrapper.api.ReportPage	getLastRowNum()	0	[]		public	false	/Users/nima/Developer/TableWrapperAPI/src/main/java/org/spacious_team/table_wrapper/api/ReportPage.java
52	org.spacious_team.table_wrapper.api.ReportPage	getCell(org.spacious_team.table_wrapper.api.TableCellAddress)	0	[false]		public	true	/Users/nima/Developer/TableWrapperAPI/src/main/java/org/spacious_team/table_wrapper/api/ReportPage.java
53	org.spacious_team.table_wrapper.api.ReportPage	getTableCellRange(java.lang.String,int,java.lang.String)	0	[false, false, false]		public	true	/Users/nima/Developer/TableWrapperAPI/src/main/java/org/spacious_team/table_wrapper/api/ReportPage.java
54	org.spacious_team.table_wrapper.api.ReportPage	getTableCellRange(java.util.function.Predicate,int,java.util.function.Predicate)	0	[false, false, false]		public	true	/Users/nima/Developer/TableWrapperAPI/src/main/java/org/spacious_team/table_wrapper/api/ReportPage.java
55	org.spacious_team.table_wrapper.api.ReportPage	getTableCellRange(java.lang.String,int)	0	[false, false]		public	true	/Users/nima/Developer/TableWrapperAPI/src/main/java/org/spacious_team/table_wrapper/api/ReportPage.java
56	org.spacious_team.table_wrapper.api.ReportPage	getTableCellRange(java.util.function.Predicate,int)	0	[false, false]		public	true	/Users/nima/Developer/TableWrapperAPI/src/main/java/org/spacious_team/table_wrapper/api/ReportPage.java
57	org.spacious_team.table_wrapper.api.ReportPage	findEmptyRow(int)	0	[false]		public	false	/Users/nima/Developer/TableWrapperAPI/src/main/java/org/spacious_team/table_wrapper/api/ReportPage.java
58	org.spacious_team.table_wrapper.api.ReportPage	create(java.lang.String,java.lang.String,java.lang.Class)	0	[false, false, false]		public	true	/Users/nima/Developer/TableWrapperAPI/src/main/java/org/spacious_team/table_wrapper/api/ReportPage.java
59	org.spacious_team.table_wrapper.api.ReportPage	create(java.lang.String,java.lang.Class)	0	[false, false]		public	true	/Users/nima/Developer/TableWrapperAPI/src/main/java/org/spacious_team/table_wrapper/api/ReportPage.java
60	org.spacious_team.table_wrapper.api.ReportPage	create(java.lang.String,java.lang.String,java.lang.Class,int)	0	[false, false, false, false]		public	true	/Users/nima/Developer/TableWrapperAPI/src/main/java/org/spacious_team/table_wrapper/api/ReportPage.java
61	org.spacious_team.table_wrapper.api.ReportPage	create(java.lang.String,java.lang.Class,int)	0	[false, false, false]		public	true	/Users/nima/Developer/TableWrapperAPI/src/main/java/org/spacious_team/table_wrapper/api/ReportPage.java
62	org.spacious_team.table_wrapper.api.ReportPage	create(java.util.function.Predicate,java.util.function.Predicate,java.lang.Class)	0	[false, false, false]		public	true	/Users/nima/Developer/TableWrapperAPI/src/main/java/org/spacious_team/table_wrapper/api/ReportPage.java
63	org.spacious_team.table_wrapper.api.ReportPage	create(java.util.function.Predicate,java.lang.Class)	0	[false, false]		public	true	/Users/nima/Developer/TableWrapperAPI/src/main/java/org/spacious_team/table_wrapper/api/ReportPage.java
64	org.spacious_team.table_wrapper.api.ReportPage	create(java.util.function.Predicate,java.util.function.Predicate,java.lang.Class,int)	0	[false, false, false, false]		public	true	/Users/nima/Developer/TableWrapperAPI/src/main/java/org/spacious_team/table_wrapper/api/ReportPage.java
65	org.spacious_team.table_wrapper.api.ReportPage	create(java.util.function.Predicate,java.lang.Class,int)	0	[false, false, false]		public	true	/Users/nima/Developer/TableWrapperAPI/src/main/java/org/spacious_team/table_wrapper/api/ReportPage.java
66	org.spacious_team.table_wrapper.api.ReportPage	createNameless(java.lang.String,java.lang.String,java.lang.Class)	0	[false, false, false]		public	true	/Users/nima/Developer/TableWrapperAPI/src/main/java/org/spacious_team/table_wrapper/api/ReportPage.java
67	org.spacious_team.table_wrapper.api.ReportPage	createNameless(java.lang.String,java.lang.Class)	0	[false, false]		public	true	/Users/nima/Developer/TableWrapperAPI/src/main/java/org/spacious_team/table_wrapper/api/ReportPage.java
68	org.spacious_team.table_wrapper.api.ReportPage	createNameless(java.lang.String,java.lang.String,java.lang.String,java.lang.Class,int)	0	[false, false, false, false, false]		public	true	/Users/nima/Developer/TableWrapperAPI/src/main/java/org/spacious_team/table_wrapper/api/ReportPage.java
69	org.spacious_team.table_wrapper.api.ReportPage	createNameless(java.lang.String,java.lang.String,java.lang.Class,int)	0	[false, false, false, false]		public	true	/Users/nima/Developer/TableWrapperAPI/src/main/java/org/spacious_team/table_wrapper/api/ReportPage.java
70	org.spacious_team.table_wrapper.api.ReportPage	createNameless(java.util.function.Predicate,java.util.function.Predicate,java.lang.Class)	0	[false, false, false]		public	true	/Users/nima/Developer/TableWrapperAPI/src/main/java/org/spacious_team/table_wrapper/api/ReportPage.java
71	org.spacious_team.table_wrapper.api.ReportPage	createNameless(java.util.function.Predicate,java.lang.Class)	0	[false, false]		public	true	/Users/nima/Developer/TableWrapperAPI/src/main/java/org/spacious_team/table_wrapper/api/ReportPage.java
72	org.spacious_team.table_wrapper.api.ReportPage	createNameless(java.lang.String,java.util.function.Predicate,java.util.function.Predicate,java.lang.Class,int)	0	[false, false, false, false, false]		public	true	/Users/nima/Developer/TableWrapperAPI/src/main/java/org/spacious_team/table_wrapper/api/ReportPage.java
73	org.spacious_team.table_wrapper.api.ReportPage	createNameless(java.lang.String,java.util.function.Predicate,java.lang.Class,int)	0	[false, false, false, false]		public	true	/Users/nima/Developer/TableWrapperAPI/src/main/java/org/spacious_team/table_wrapper/api/ReportPage.java
74	org.spacious_team.table_wrapper.api.TableColumnDescription	getColumn()	0	[]		public	true	/Users/nima/Developer/TableWrapperAPI/src/main/java/org/spacious_team/table_wrapper/api/TableColumnDescription.java
75	org.spacious_team.table_wrapper.api.Table	getReportPage()	0	[]		public	true	/Users/nima/Developer/TableWrapperAPI/src/main/java/org/spacious_team/table_wrapper/api/Table.java
76	org.spacious_team.table_wrapper.api.Table	getData(java.util.function.Function)	0	[false]		public	true	/Users/nima/Developer/TableWrapperAPI/src/main/java/org/spacious_team/table_wrapper/api/Table.java
77	org.spacious_team.table_wrapper.api.Table	getData(java.lang.Object,java.util.function.Function)	0	[false, false]		public	true	/Users/nima/Developer/TableWrapperAPI/src/main/java/org/spacious_team/table_wrapper/api/Table.java
78	org.spacious_team.table_wrapper.api.Table	getDataCollection(java.util.function.Function)	0	[false]		public	true	/Users/nima/Developer/TableWrapperAPI/src/main/java/org/spacious_team/table_wrapper/api/Table.java
79	org.spacious_team.table_wrapper.api.Table	getDataCollection(java.lang.Object,java.util.function.Function)	0	[false, false]		public	true	/Users/nima/Developer/TableWrapperAPI/src/main/java/org/spacious_team/table_wrapper/api/Table.java
80	org.spacious_team.table_wrapper.api.Table	getDataCollection(java.lang.Object,java.util.function.Function,java.util.function.BiPredicate,java.util.function.BiFunction)	0	[false, false, false, false]		public	true	/Users/nima/Developer/TableWrapperAPI/src/main/java/org/spacious_team/table_wrapper/api/Table.java
81	org.spacious_team.table_wrapper.api.Table	isEmpty()	0	[]		public	false	/Users/nima/Developer/TableWrapperAPI/src/main/java/org/spacious_team/table_wrapper/api/Table.java
82	org.spacious_team.table_wrapper.api.Table	stream()	0	[]		public	true	/Users/nima/Developer/TableWrapperAPI/src/main/java/org/spacious_team/table_wrapper/api/Table.java
83	org.spacious_team.table_wrapper.api.Table	getRow(int)	0	[false]		public	true	/Users/nima/Developer/TableWrapperAPI/src/main/java/org/spacious_team/table_wrapper/api/Table.java
84	org.spacious_team.table_wrapper.api.Table	findRow(java.lang.Object)	0	[false]		public	true	/Users/nima/Developer/TableWrapperAPI/src/main/java/org/spacious_team/table_wrapper/api/Table.java
85	org.spacious_team.table_wrapper.api.Table	findRowByPrefix(java.lang.String)	0	[false]		public	true	/Users/nima/Developer/TableWrapperAPI/src/main/java/org/spacious_team/table_wrapper/api/Table.java
86	org.spacious_team.table_wrapper.api.Table	getHeaderDescription()	0	[]		public	true	/Users/nima/Developer/TableWrapperAPI/src/main/java/org/spacious_team/table_wrapper/api/Table.java
87	org.spacious_team.table_wrapper.api.Table	excludeTotalRow()	0	[]		public	true	/Users/nima/Developer/TableWrapperAPI/src/main/java/org/spacious_team/table_wrapper/api/Table.java
88	org.spacious_team.table_wrapper.api.Table	subTable(int,int)	0	[false, false]		public	true	/Users/nima/Developer/TableWrapperAPI/src/main/java/org/spacious_team/table_wrapper/api/Table.java
89	org.spacious_team.table_wrapper.api.TableRow	getTable()	0	[]		public	true	/Users/nima/Developer/TableWrapperAPI/src/main/java/org/spacious_team/table_wrapper/api/TableRow.java
90	org.spacious_team.table_wrapper.api.TableRow	getCell(org.spacious_team.table_wrapper.api.TableColumnDescription)	0	[false]		public	true	/Users/nima/Developer/TableWrapperAPI/src/main/java/org/spacious_team/table_wrapper/api/TableRow.java
91	org.spacious_team.table_wrapper.api.TableRow	getCellValue(org.spacious_team.table_wrapper.api.TableColumnDescription)	0	[false]		public	true	/Users/nima/Developer/TableWrapperAPI/src/main/java/org/spacious_team/table_wrapper/api/TableRow.java
92	org.spacious_team.table_wrapper.api.TableRow	getIntCellValue(org.spacious_team.table_wrapper.api.TableColumnDescription)	0	[false]		public	false	/Users/nima/Developer/TableWrapperAPI/src/main/java/org/spacious_team/table_wrapper/api/TableRow.java
93	org.spacious_team.table_wrapper.api.TableRow	getLongCellValue(org.spacious_team.table_wrapper.api.TableColumnDescription)	0	[false]		public	false	/Users/nima/Developer/TableWrapperAPI/src/main/java/org/spacious_team/table_wrapper/api/TableRow.java
94	org.spacious_team.table_wrapper.api.TableRow	getDoubleCellValue(org.spacious_team.table_wrapper.api.TableColumnDescription)	0	[false]		public	false	/Users/nima/Developer/TableWrapperAPI/src/main/java/org/spacious_team/table_wrapper/api/TableRow.java
95	org.spacious_team.table_wrapper.api.TableRow	getBigDecimalCellValue(org.spacious_team.table_wrapper.api.TableColumnDescription)	0	[false]		public	true	/Users/nima/Developer/TableWrapperAPI/src/main/java/org/spacious_team/table_wrapper/api/TableRow.java
96	org.spacious_team.table_wrapper.api.TableRow	getStringCellValue(org.spacious_team.table_wrapper.api.TableColumnDescription)	0	[false]		public	true	/Users/nima/Developer/TableWrapperAPI/src/main/java/org/spacious_team/table_wrapper/api/TableRow.java
97	org.spacious_team.table_wrapper.api.TableRow	getInstantCellValue(org.spacious_team.table_wrapper.api.TableColumnDescription)	0	[false]		public	true	/Users/nima/Developer/TableWrapperAPI/src/main/java/org/spacious_team/table_wrapper/api/TableRow.java
98	org.spacious_team.table_wrapper.api.TableRow	getLocalDateTimeCellValue(org.spacious_team.table_wrapper.api.TableColumnDescription)	0	[false]		public	true	/Users/nima/Developer/TableWrapperAPI/src/main/java/org/spacious_team/table_wrapper/api/TableRow.java
99	org.spacious_team.table_wrapper.api.TableRow	getCellValueOrDefault(org.spacious_team.table_wrapper.api.TableColumnDescription,java.lang.Object)	0	[false, false]		public	true	/Users/nima/Developer/TableWrapperAPI/src/main/java/org/spacious_team/table_wrapper/api/TableRow.java
100	org.spacious_team.table_wrapper.api.TableRow	getIntCellValueOrDefault(org.spacious_team.table_wrapper.api.TableColumnDescription,int)	0	[false, false]		public	false	/Users/nima/Developer/TableWrapperAPI/src/main/java/org/spacious_team/table_wrapper/api/TableRow.java
101	org.spacious_team.table_wrapper.api.TableRow	getLongCellValueOrDefault(org.spacious_team.table_wrapper.api.TableColumnDescription,long)	0	[false, false]		public	false	/Users/nima/Developer/TableWrapperAPI/src/main/java/org/spacious_team/table_wrapper/api/TableRow.java
102	org.spacious_team.table_wrapper.api.TableRow	getDoubleCellValue(org.spacious_team.table_wrapper.api.TableColumnDescription,double)	0	[false, false]		public	false	/Users/nima/Developer/TableWrapperAPI/src/main/java/org/spacious_team/table_wrapper/api/TableRow.java
103	org.spacious_team.table_wrapper.api.TableRow	getBigDecimalCellValueOrDefault(org.spacious_team.table_wrapper.api.TableColumnDescription,java.math.BigDecimal)	0	[false, false]		public	true	/Users/nima/Developer/TableWrapperAPI/src/main/java/org/spacious_team/table_wrapper/api/TableRow.java
104	org.spacious_team.table_wrapper.api.TableRow	getStringCellValueOrDefault(org.spacious_team.table_wrapper.api.TableColumnDescription,java.lang.String)	0	[false, false]		public	true	/Users/nima/Developer/TableWrapperAPI/src/main/java/org/spacious_team/table_wrapper/api/TableRow.java
105	org.spacious_team.table_wrapper.api.TableRow	getInstantCellValueOrDefault(org.spacious_team.table_wrapper.api.TableColumnDescription,java.time.Instant)	0	[false, false]		public	true	/Users/nima/Developer/TableWrapperAPI/src/main/java/org/spacious_team/table_wrapper/api/TableRow.java
106	org.spacious_team.table_wrapper.api.TableRow	getLocalDateTimeCellValueOrDefault(org.spacious_team.table_wrapper.api.TableColumnDescription,java.time.LocalDateTime)	0	[false, false]		public	true	/Users/nima/Developer/TableWrapperAPI/src/main/java/org/spacious_team/table_wrapper/api/TableRow.java
107	org.spacious_team.table_wrapper.api.TableRow	clone()	0	[]		public	true	/Users/nima/Developer/TableWrapperAPI/src/main/java/org/spacious_team/table_wrapper/api/TableRow.java
108	org.spacious_team.table_wrapper.api.ReportPageRow	getCell(int)	0	[false]		public	true	/Users/nima/Developer/TableWrapperAPI/src/main/java/org/spacious_team/table_wrapper/api/ReportPageRow.java
109	org.spacious_team.table_wrapper.api.ReportPageRow	getRowNum()	0	[]		public	false	/Users/nima/Developer/TableWrapperAPI/src/main/java/org/spacious_team/table_wrapper/api/ReportPageRow.java
110	org.spacious_team.table_wrapper.api.ReportPageRow	getFirstCellNum()	0	[]		public	false	/Users/nima/Developer/TableWrapperAPI/src/main/java/org/spacious_team/table_wrapper/api/ReportPageRow.java
111	org.spacious_team.table_wrapper.api.ReportPageRow	getLastCellNum()	0	[]		public	false	/Users/nima/Developer/TableWrapperAPI/src/main/java/org/spacious_team/table_wrapper/api/ReportPageRow.java
112	org.spacious_team.table_wrapper.api.ReportPageRow	rowContains(java.lang.Object)	0	[false]		public	false	/Users/nima/Developer/TableWrapperAPI/src/main/java/org/spacious_team/table_wrapper/api/ReportPageRow.java
113	org.spacious_team.table_wrapper.api.TableCellRange	contains(org.spacious_team.table_wrapper.api.TableCellAddress)	0	[false]		public	false	/Users/nima/Developer/TableWrapperAPI/src/main/java/org/spacious_team/table_wrapper/api/TableCellRange.java
114	org.spacious_team.table_wrapper.api.TableCellRange	containsRow(int)	0	[false]		public	false	/Users/nima/Developer/TableWrapperAPI/src/main/java/org/spacious_team/table_wrapper/api/TableCellRange.java
115	org.spacious_team.table_wrapper.api.TableCellRange	containsColumn(int)	0	[false]		public	false	/Users/nima/Developer/TableWrapperAPI/src/main/java/org/spacious_team/table_wrapper/api/TableCellRange.java
116	org.spacious_team.table_wrapper.api.TableCellRange	addRowsToTop(int)	0	[false]		public	true	/Users/nima/Developer/TableWrapperAPI/src/main/java/org/spacious_team/table_wrapper/api/TableCellRange.java
117	org.spacious_team.table_wrapper.api.TableCellRange	addRowsToBottom(int)	0	[false]		public	true	/Users/nima/Developer/TableWrapperAPI/src/main/java/org/spacious_team/table_wrapper/api/TableCellRange.java
118	org.spacious_team.table_wrapper.api.TableCellRange	addColumnsToLeft(int)	0	[false]	java.lang.SuppressWarnings	public	true	/Users/nima/Developer/TableWrapperAPI/src/main/java/org/spacious_team/table_wrapper/api/TableCellRange.java
119	org.spacious_team.table_wrapper.api.TableCellRange	addColumnsToRight(int)	0	[false]	java.lang.SuppressWarnings	public	true	/Users/nima/Developer/TableWrapperAPI/src/main/java/org/spacious_team/table_wrapper/api/TableCellRange.java
120	org.spacious_team.table_wrapper.api.TableCellRange$EmptyTableCellRange	EmptyTableCellRange()	0	[]		private	false	/Users/nima/Developer/TableWrapperAPI/src/main/java/org/spacious_team/table_wrapper/api/TableCellRange.java
121	org.spacious_team.table_wrapper.api.TableCellRange$EmptyTableCellRange	contains(org.spacious_team.table_wrapper.api.TableCellAddress)	113	[false]	java.lang.Override	public	false	/Users/nima/Developer/TableWrapperAPI/src/main/java/org/spacious_team/table_wrapper/api/TableCellRange.java
122	org.spacious_team.table_wrapper.api.TableCellRange$EmptyTableCellRange	containsRow(int)	114	[false]	java.lang.Override	public	false	/Users/nima/Developer/TableWrapperAPI/src/main/java/org/spacious_team/table_wrapper/api/TableCellRange.java
123	org.spacious_team.table_wrapper.api.TableCellRange$EmptyTableCellRange	containsColumn(int)	115	[false]	java.lang.Override	public	false	/Users/nima/Developer/TableWrapperAPI/src/main/java/org/spacious_team/table_wrapper/api/TableCellRange.java
124	org.spacious_team.table_wrapper.api.TableCellRange$EmptyTableCellRange	addRowsToTop(int)	116	[false]	java.lang.Override	public	true	/Users/nima/Developer/TableWrapperAPI/src/main/java/org/spacious_team/table_wrapper/api/TableCellRange.java
125	org.spacious_team.table_wrapper.api.TableCellRange$EmptyTableCellRange	addRowsToBottom(int)	117	[false]	java.lang.Override	public	true	/Users/nima/Developer/TableWrapperAPI/src/main/java/org/spacious_team/table_wrapper/api/TableCellRange.java
126	org.spacious_team.table_wrapper.api.TableCellRange$EmptyTableCellRange	addColumnsToLeft(int)	118	[false]	java.lang.Override	public	true	/Users/nima/Developer/TableWrapperAPI/src/main/java/org/spacious_team/table_wrapper/api/TableCellRange.java
127	org.spacious_team.table_wrapper.api.TableCellRange$EmptyTableCellRange	addColumnsToRight(int)	119	[false]	java.lang.Override	public	true	/Users/nima/Developer/TableWrapperAPI/src/main/java/org/spacious_team/table_wrapper/api/TableCellRange.java
128	org.spacious_team.table_wrapper.api.TableCellRange	getFirstRow()	0	[]	java.lang.SuppressWarnings,lombok.Generated	public	false	/Users/nima/Developer/TableWrapperAPI/src/main/java/org/spacious_team/table_wrapper/api/TableCellRange.java
129	org.spacious_team.table_wrapper.api.TableCellRange	getLastRow()	0	[]	java.lang.SuppressWarnings,lombok.Generated	public	false	/Users/nima/Developer/TableWrapperAPI/src/main/java/org/spacious_team/table_wrapper/api/TableCellRange.java
130	org.spacious_team.table_wrapper.api.TableCellRange	getFirstColumn()	0	[]	java.lang.SuppressWarnings,lombok.Generated	public	false	/Users/nima/Developer/TableWrapperAPI/src/main/java/org/spacious_team/table_wrapper/api/TableCellRange.java
131	org.spacious_team.table_wrapper.api.TableCellRange	getLastColumn()	0	[]	java.lang.SuppressWarnings,lombok.Generated	public	false	/Users/nima/Developer/TableWrapperAPI/src/main/java/org/spacious_team/table_wrapper/api/TableCellRange.java
132	org.spacious_team.table_wrapper.api.TableCellRange	equals(java.lang.Object)	133	[false]	java.lang.Override,java.lang.SuppressWarnings,lombok.Generated	public	false	/Users/nima/Developer/TableWrapperAPI/src/main/java/org/spacious_team/table_wrapper/api/TableCellRange.java
134	org.spacious_team.table_wrapper.api.TableCellRange	canEqual(java.lang.Object)	0	[false]	java.lang.SuppressWarnings,lombok.Generated	protected	false	/Users/nima/Developer/TableWrapperAPI/src/main/java/org/spacious_team/table_wrapper/api/TableCellRange.java
135	org.spacious_team.table_wrapper.api.TableCellRange	hashCode()	136	[]	java.lang.Override,java.lang.SuppressWarnings,lombok.Generated	public	false	/Users/nima/Developer/TableWrapperAPI/src/main/java/org/spacious_team/table_wrapper/api/TableCellRange.java
137	org.spacious_team.table_wrapper.api.TableCellRange	toString()	138	[]	java.lang.Override,java.lang.SuppressWarnings,lombok.Generated	public	true	/Users/nima/Developer/TableWrapperAPI/src/main/java/org/spacious_team/table_wrapper/api/TableCellRange.java
139	org.spacious_team.table_wrapper.api.TableCellRange	TableCellRange(int,int,int,int)	0	[false, false, false, false]	java.lang.SuppressWarnings,lombok.Generated	public	false	/Users/nima/Developer/TableWrapperAPI/src/main/java/org/spacious_team/table_wrapper/api/TableCellRange.java
140	org.spacious_team.table_wrapper.api.TableCellAddress	getRow()	0	[]	java.lang.SuppressWarnings,lombok.Generated	public	false	/Users/nima/Developer/TableWrapperAPI/src/main/java/org/spacious_team/table_wrapper/api/TableCellAddress.java
141	org.spacious_team.table_wrapper.api.TableCellAddress	getColumn()	0	[]	java.lang.SuppressWarnings,lombok.Generated	public	false	/Users/nima/Developer/TableWrapperAPI/src/main/java/org/spacious_team/table_wrapper/api/TableCellAddress.java
142	org.spacious_team.table_wrapper.api.TableCellAddress	equals(java.lang.Object)	133	[false]	java.lang.Override,java.lang.SuppressWarnings,lombok.Generated	public	false	/Users/nima/Developer/TableWrapperAPI/src/main/java/org/spacious_team/table_wrapper/api/TableCellAddress.java
143	org.spacious_team.table_wrapper.api.TableCellAddress	canEqual(java.lang.Object)	0	[false]	java.lang.SuppressWarnings,lombok.Generated	protected	false	/Users/nima/Developer/TableWrapperAPI/src/main/java/org/spacious_team/table_wrapper/api/TableCellAddress.java
144	org.spacious_team.table_wrapper.api.TableCellAddress	hashCode()	136	[]	java.lang.Override,java.lang.SuppressWarnings,lombok.Generated	public	false	/Users/nima/Developer/TableWrapperAPI/src/main/java/org/spacious_team/table_wrapper/api/TableCellAddress.java
145	org.spacious_team.table_wrapper.api.TableCellAddress	toString()	138	[]	java.lang.Override,java.lang.SuppressWarnings,lombok.Generated	public	true	/Users/nima/Developer/TableWrapperAPI/src/main/java/org/spacious_team/table_wrapper/api/TableCellAddress.java
146	org.spacious_team.table_wrapper.api.TableCellAddress	TableCellAddress(int,int)	0	[false, false]	java.lang.SuppressWarnings,lombok.Generated	public	false	/Users/nima/Developer/TableWrapperAPI/src/main/java/org/spacious_team/table_wrapper/api/TableCellAddress.java
147	org.spacious_team.table_wrapper.api.TableColumn	getColumnIndex(org.spacious_team.table_wrapper.api.ReportPageRow[])	0	[false]		public	false	/Users/nima/Developer/TableWrapperAPI/src/main/java/org/spacious_team/table_wrapper/api/TableColumn.java
148	org.spacious_team.table_wrapper.api.TableColumn	getColumnIndex(int,org.spacious_team.table_wrapper.api.ReportPageRow[])	0	[false, false]		public	false	/Users/nima/Developer/TableWrapperAPI/src/main/java/org/spacious_team/table_wrapper/api/TableColumn.java
149	org.spacious_team.table_wrapper.api.ConstantPositionTableColumn	getColumnIndex(int,org.spacious_team.table_wrapper.api.ReportPageRow[])	148	[false, false]	java.lang.Override	public	false	/Users/nima/Developer/TableWrapperAPI/src/main/java/org/spacious_team/table_wrapper/api/ConstantPositionTableColumn.java
150	org.spacious_team.table_wrapper.api.ConstantPositionTableColumn	toString()	138	[]	java.lang.Override,java.lang.SuppressWarnings,lombok.Generated	public	true	/Users/nima/Developer/TableWrapperAPI/src/main/java/org/spacious_team/table_wrapper/api/ConstantPositionTableColumn.java
151	org.spacious_team.table_wrapper.api.ConstantPositionTableColumn	ConstantPositionTableColumn(int)	0	[false]	java.lang.SuppressWarnings,lombok.Generated	private	false	/Users/nima/Developer/TableWrapperAPI/src/main/java/org/spacious_team/table_wrapper/api/ConstantPositionTableColumn.java
152	org.spacious_team.table_wrapper.api.ConstantPositionTableColumn	of(int)	0	[false]	java.lang.SuppressWarnings,lombok.Generated	public	true	/Users/nima/Developer/TableWrapperAPI/src/main/java/org/spacious_team/table_wrapper/api/ConstantPositionTableColumn.java
153	org.spacious_team.table_wrapper.api.RelativePositionTableColumn	getColumnIndex(int,org.spacious_team.table_wrapper.api.ReportPageRow[])	148	[false, false]	java.lang.Override	public	false	/Users/nima/Developer/TableWrapperAPI/src/main/java/org/spacious_team/table_wrapper/api/RelativePositionTableColumn.java
154	org.spacious_team.table_wrapper.api.RelativePositionTableColumn	toString()	138	[]	java.lang.Override,java.lang.SuppressWarnings,lombok.Generated	public	true	/Users/nima/Developer/TableWrapperAPI/src/main/java/org/spacious_team/table_wrapper/api/RelativePositionTableColumn.java
155	org.spacious_team.table_wrapper.api.RelativePositionTableColumn	RelativePositionTableColumn(org.spacious_team.table_wrapper.api.TableColumn,int)	0	[false, false]	java.lang.SuppressWarnings,lombok.Generated	private	false	/Users/nima/Developer/TableWrapperAPI/src/main/java/org/spacious_team/table_wrapper/api/RelativePositionTableColumn.java
156	org.spacious_team.table_wrapper.api.RelativePositionTableColumn	of(org.spacious_team.table_wrapper.api.TableColumn,int)	0	[false, false]	java.lang.SuppressWarnings,lombok.Generated	public	true	/Users/nima/Developer/TableWrapperAPI/src/main/java/org/spacious_team/table_wrapper/api/RelativePositionTableColumn.java
157	org.spacious_team.table_wrapper.api.TableFactoryRegistry	add(org.spacious_team.table_wrapper.api.TableFactory)	0	[false]		public	false	/Users/nima/Developer/TableWrapperAPI/src/main/java/org/spacious_team/table_wrapper/api/TableFactoryRegistry.java
158	org.spacious_team.table_wrapper.api.TableFactoryRegistry	getAll()	0	[]	java.lang.SuppressWarnings	public	true	/Users/nima/Developer/TableWrapperAPI/src/main/java/org/spacious_team/table_wrapper/api/TableFactoryRegistry.java
159	org.spacious_team.table_wrapper.api.TableFactoryRegistry	get(org.spacious_team.table_wrapper.api.ReportPage)	0	[false]		public	true	/Users/nima/Developer/TableWrapperAPI/src/main/java/org/spacious_team/table_wrapper/api/TableFactoryRegistry.java
160	org.spacious_team.table_wrapper.api.AbstractTableFactory	canHandle(org.spacious_team.table_wrapper.api.ReportPage)	18	[false]	java.lang.Override	public	false	/Users/nima/Developer/TableWrapperAPI/src/main/java/org/spacious_team/table_wrapper/api/AbstractTableFactory.java
161	org.spacious_team.table_wrapper.api.AbstractTableFactory	cast(org.spacious_team.table_wrapper.api.ReportPage)	0	[false]	java.lang.SuppressWarnings	protected	true	/Users/nima/Developer/TableWrapperAPI/src/main/java/org/spacious_team/table_wrapper/api/AbstractTableFactory.java
162	org.spacious_team.table_wrapper.api.AbstractTableFactory	AbstractTableFactory(java.lang.Class)	0	[false]	java.lang.SuppressWarnings,lombok.Generated	protected	false	/Users/nima/Developer/TableWrapperAPI/src/main/java/org/spacious_team/table_wrapper/api/AbstractTableFactory.java
163	org.spacious_team.table_wrapper.api.CellDataAccessObject	getCell(R,java.lang.Integer)	0	[false, false]		public	true	/Users/nima/Developer/TableWrapperAPI/src/main/java/org/spacious_team/table_wrapper/api/CellDataAccessObject.java
164	org.spacious_team.table_wrapper.api.CellDataAccessObject	getValue(C)	0	[false]		public	true	/Users/nima/Developer/TableWrapperAPI/src/main/java/org/spacious_team/table_wrapper/api/CellDataAccessObject.java
165	org.spacious_team.table_wrapper.api.CellDataAccessObject	getIntValue(C)	0	[false]		public	false	/Users/nima/Developer/TableWrapperAPI/src/main/java/org/spacious_team/table_wrapper/api/CellDataAccessObject.java
166	org.spacious_team.table_wrapper.api.CellDataAccessObject	getLongValue(C)	0	[false]		public	false	/Users/nima/Developer/TableWrapperAPI/src/main/java/org/spacious_team/table_wrapper/api/CellDataAccessObject.java
167	org.spacious_team.table_wrapper.api.CellDataAccessObject	getDoubleValue(C)	0	[false]		public	false	/Users/nima/Developer/TableWrapperAPI/src/main/java/org/spacious_team/table_wrapper/api/CellDataAccessObject.java
168	org.spacious_team.table_wrapper.api.CellDataAccessObject	getBigDecimalValue(C)	0	[false]		public	true	/Users/nima/Developer/TableWrapperAPI/src/main/java/org/spacious_team/table_wrapper/api/CellDataAccessObject.java
169	org.spacious_team.table_wrapper.api.CellDataAccessObject	getStringValue(C)	0	[false]		public	true	/Users/nima/Developer/TableWrapperAPI/src/main/java/org/spacious_team/table_wrapper/api/CellDataAccessObject.java
170	org.spacious_team.table_wrapper.api.CellDataAccessObject	getInstantValue(C)	0	[false]		public	true	/Users/nima/Developer/TableWrapperAPI/src/main/java/org/spacious_team/table_wrapper/api/CellDataAccessObject.java
171	org.spacious_team.table_wrapper.api.CellDataAccessObject	getLocalDateTimeValue(C)	0	[false]		public	true	/Users/nima/Developer/TableWrapperAPI/src/main/java/org/spacious_team/table_wrapper/api/CellDataAccessObject.java
172	org.spacious_team.table_wrapper.api.CellDataAccessObject	getValue(R,java.lang.Integer)	0	[false, false]		public	true	/Users/nima/Developer/TableWrapperAPI/src/main/java/org/spacious_team/table_wrapper/api/CellDataAccessObject.java
173	org.spacious_team.table_wrapper.api.CellDataAccessObject	getIntValue(R,java.lang.Integer)	0	[false, false]		public	false	/Users/nima/Developer/TableWrapperAPI/src/main/java/org/spacious_team/table_wrapper/api/CellDataAccessObject.java
174	org.spacious_team.table_wrapper.api.CellDataAccessObject	getLongValue(R,java.lang.Integer)	0	[false, false]		public	false	/Users/nima/Developer/TableWrapperAPI/src/main/java/org/spacious_team/table_wrapper/api/CellDataAccessObject.java
175	org.spacious_team.table_wrapper.api.CellDataAccessObject	getDoubleValue(R,java.lang.Integer)	0	[false, false]		public	false	/Users/nima/Developer/TableWrapperAPI/src/main/java/org/spacious_team/table_wrapper/api/CellDataAccessObject.java
176	org.spacious_team.table_wrapper.api.CellDataAccessObject	getBigDecimalValue(R,java.lang.Integer)	0	[false, false]		public	true	/Users/nima/Developer/TableWrapperAPI/src/main/java/org/spacious_team/table_wrapper/api/CellDataAccessObject.java
177	org.spacious_team.table_wrapper.api.CellDataAccessObject	getStringValue(R,java.lang.Integer)	0	[false, false]		public	true	/Users/nima/Developer/TableWrapperAPI/src/main/java/org/spacious_team/table_wrapper/api/CellDataAccessObject.java
178	org.spacious_team.table_wrapper.api.CellDataAccessObject	getInstantValue(R,java.lang.Integer)	0	[false, false]		public	true	/Users/nima/Developer/TableWrapperAPI/src/main/java/org/spacious_team/table_wrapper/api/CellDataAccessObject.java
179	org.spacious_team.table_wrapper.api.CellDataAccessObject	getLocalDateTimeValue(R,java.lang.Integer)	0	[false, false]		public	true	/Users/nima/Developer/TableWrapperAPI/src/main/java/org/spacious_team/table_wrapper/api/CellDataAccessObject.java
180	org.spacious_team.table_wrapper.api.AnyOfTableColumn	of(org.spacious_team.table_wrapper.api.TableColumn[])	0	[false]		public	true	/Users/nima/Developer/TableWrapperAPI/src/main/java/org/spacious_team/table_wrapper/api/AnyOfTableColumn.java
181	org.spacious_team.table_wrapper.api.AnyOfTableColumn	getColumnIndex(int,org.spacious_team.table_wrapper.api.ReportPageRow[])	148	[false, false]	java.lang.Override	public	false	/Users/nima/Developer/TableWrapperAPI/src/main/java/org/spacious_team/table_wrapper/api/AnyOfTableColumn.java
182	org.spacious_team.table_wrapper.api.AnyOfTableColumn	toString()	138	[]	java.lang.Override,java.lang.SuppressWarnings,lombok.Generated	public	true	/Users/nima/Developer/TableWrapperAPI/src/main/java/org/spacious_team/table_wrapper/api/AnyOfTableColumn.java
183	org.spacious_team.table_wrapper.api.AnyOfTableColumn	equals(java.lang.Object)	133	[false]	java.lang.Override,java.lang.SuppressWarnings,lombok.Generated	public	false	/Users/nima/Developer/TableWrapperAPI/src/main/java/org/spacious_team/table_wrapper/api/AnyOfTableColumn.java
184	org.spacious_team.table_wrapper.api.AnyOfTableColumn	canEqual(java.lang.Object)	0	[false]	java.lang.SuppressWarnings,lombok.Generated	protected	false	/Users/nima/Developer/TableWrapperAPI/src/main/java/org/spacious_team/table_wrapper/api/AnyOfTableColumn.java
185	org.spacious_team.table_wrapper.api.AnyOfTableColumn	hashCode()	136	[]	java.lang.Override,java.lang.SuppressWarnings,lombok.Generated	public	false	/Users/nima/Developer/TableWrapperAPI/src/main/java/org/spacious_team/table_wrapper/api/AnyOfTableColumn.java
186	org.spacious_team.table_wrapper.api.AnyOfTableColumn	AnyOfTableColumn(org.spacious_team.table_wrapper.api.TableColumn[])	0	[false]	java.lang.SuppressWarnings,lombok.Generated	public	false	/Users/nima/Developer/TableWrapperAPI/src/main/java/org/spacious_team/table_wrapper/api/AnyOfTableColumn.java
187	org.spacious_team.table_wrapper.api.AbstractReportPage	getRow(int)	50	[false]	java.lang.Override	public	true	/Users/nima/Developer/TableWrapperAPI/src/main/java/org/spacious_team/table_wrapper/api/AbstractReportPage.java
188	org.spacious_team.table_wrapper.api.AbstractReportPageRow$ReportPageRowIterator	hasNext()	189	[]	java.lang.Override	public	false	/Users/nima/Developer/TableWrapperAPI/src/main/java/org/spacious_team/table_wrapper/api/AbstractReportPageRow.java
190	org.spacious_team.table_wrapper.api.AbstractReportPageRow$ReportPageRowIterator	next()	191	[]	java.lang.Override	public	true	/Users/nima/Developer/TableWrapperAPI/src/main/java/org/spacious_team/table_wrapper/api/AbstractReportPageRow.java
192	org.spacious_team.table_wrapper.api.AbstractReportPageRow$ReportPageRowIterator	ReportPageRowIterator(java.util.Iterator,java.util.function.Function)	0	[false, false]	java.lang.SuppressWarnings,lombok.Generated	public	false	/Users/nima/Developer/TableWrapperAPI/src/main/java/org/spacious_team/table_wrapper/api/AbstractReportPageRow.java
193	org.spacious_team.table_wrapper.api.AbstractTableCell	getValue()	2	[]	java.lang.Override	public	true	/Users/nima/Developer/TableWrapperAPI/src/main/java/org/spacious_team/table_wrapper/api/AbstractTableCell.java
194	org.spacious_team.table_wrapper.api.AbstractTableCell	getIntValue()	3	[]	java.lang.Override	public	false	/Users/nima/Developer/TableWrapperAPI/src/main/java/org/spacious_team/table_wrapper/api/AbstractTableCell.java
195	org.spacious_team.table_wrapper.api.AbstractTableCell	getLongValue()	4	[]	java.lang.Override	public	false	/Users/nima/Developer/TableWrapperAPI/src/main/java/org/spacious_team/table_wrapper/api/AbstractTableCell.java
196	org.spacious_team.table_wrapper.api.AbstractTableCell	getDoubleValue()	5	[]	java.lang.Override	public	true	/Users/nima/Developer/TableWrapperAPI/src/main/java/org/spacious_team/table_wrapper/api/AbstractTableCell.java
197	org.spacious_team.table_wrapper.api.AbstractTableCell	getBigDecimalValue()	6	[]	java.lang.Override	public	true	/Users/nima/Developer/TableWrapperAPI/src/main/java/org/spacious_team/table_wrapper/api/AbstractTableCell.java
198	org.spacious_team.table_wrapper.api.AbstractTableCell	getStringValue()	7	[]	java.lang.Override	public	true	/Users/nima/Developer/TableWrapperAPI/src/main/java/org/spacious_team/table_wrapper/api/AbstractTableCell.java
199	org.spacious_team.table_wrapper.api.AbstractTableCell	getInstantValue()	8	[]	java.lang.Override	public	true	/Users/nima/Developer/TableWrapperAPI/src/main/java/org/spacious_team/table_wrapper/api/AbstractTableCell.java
200	org.spacious_team.table_wrapper.api.AbstractTableCell	getLocalDateTimeValue()	9	[]	java.lang.Override	public	true	/Users/nima/Developer/TableWrapperAPI/src/main/java/org/spacious_team/table_wrapper/api/AbstractTableCell.java
201	org.spacious_team.table_wrapper.api.AbstractTableCell	getCell()	0	[]	java.lang.SuppressWarnings,lombok.Generated	protected	true	/Users/nima/Developer/TableWrapperAPI/src/main/java/org/spacious_team/table_wrapper/api/AbstractTableCell.java
202	org.spacious_team.table_wrapper.api.AbstractTableCell	getDao()	0	[]	java.lang.SuppressWarnings,lombok.Generated	protected	true	/Users/nima/Developer/TableWrapperAPI/src/main/java/org/spacious_team/table_wrapper/api/AbstractTableCell.java
203	org.spacious_team.table_wrapper.api.AbstractTableCell	AbstractTableCell(T,org.spacious_team.table_wrapper.api.CellDataAccessObject)	0	[false, false]	java.lang.SuppressWarnings,lombok.Generated	protected	false	/Users/nima/Developer/TableWrapperAPI/src/main/java/org/spacious_team/table_wrapper/api/AbstractTableCell.java
204	org.spacious_team.table_wrapper.api.MultiLineTableColumn	of(org.spacious_team.table_wrapper.api.TableColumn[])	0	[false]		public	true	/Users/nima/Developer/TableWrapperAPI/src/main/java/org/spacious_team/table_wrapper/api/MultiLineTableColumn.java
205	org.spacious_team.table_wrapper.api.MultiLineTableColumn	of(java.lang.String[])	0	[false]		public	true	/Users/nima/Developer/TableWrapperAPI/src/main/java/org/spacious_team/table_wrapper/api/MultiLineTableColumn.java
206	org.spacious_team.table_wrapper.api.MultiLineTableColumn	getColumnIndex(int,org.spacious_team.table_wrapper.api.ReportPageRow[])	148	[false, false]	java.lang.Override	public	false	/Users/nima/Developer/TableWrapperAPI/src/main/java/org/spacious_team/table_wrapper/api/MultiLineTableColumn.java
207	org.spacious_team.table_wrapper.api.MultiLineTableColumn	toString()	138	[]	java.lang.Override,java.lang.SuppressWarnings,lombok.Generated	public	true	/Users/nima/Developer/TableWrapperAPI/src/main/java/org/spacious_team/table_wrapper/api/MultiLineTableColumn.java
208	org.spacious_team.table_wrapper.api.MultiLineTableColumn	MultiLineTableColumn(org.spacious_team.table_wrapper.api.TableColumn[])	0	[false]	java.lang.SuppressWarnings,lombok.Generated	public	false	/Users/nima/Developer/TableWrapperAPI/src/main/java/org/spacious_team/table_wrapper/api/MultiLineTableColumn.java
209	org.spacious_team.table_wrapper.api.AbstractTable	AbstractTable(org.spacious_team.table_wrapper.api.AbstractReportPage,java.lang.String,org.spacious_team.table_wrapper.api.TableCellRange,java.lang.Class,int)	0	[false, false, false, false, false]	java.lang.SuppressWarnings	protected	false	/Users/nima/Developer/TableWrapperAPI/src/main/java/org/spacious_team/table_wrapper/api/AbstractTable.java
210	org.spacious_team.table_wrapper.api.AbstractTable	AbstractTable(org.spacious_team.table_wrapper.api.AbstractTable,int,int)	0	[false, false, false]	java.lang.SuppressWarnings	protected	false	/Users/nima/Developer/TableWrapperAPI/src/main/java/org/spacious_team/table_wrapper/api/AbstractTable.java
211	org.spacious_team.table_wrapper.api.AbstractTable	isEmpty(org.spacious_team.table_wrapper.api.TableCellRange,int)	0	[false, false]		private	false	/Users/nima/Developer/TableWrapperAPI/src/main/java/org/spacious_team/table_wrapper/api/AbstractTable.java
212	org.spacious_team.table_wrapper.api.AbstractTable	getNumberOfTableRows(org.spacious_team.table_wrapper.api.TableCellRange)	0	[false]		private	false	/Users/nima/Developer/TableWrapperAPI/src/main/java/org/spacious_team/table_wrapper/api/AbstractTable.java
213	org.spacious_team.table_wrapper.api.AbstractTable	getHeaderDescription(org.spacious_team.table_wrapper.api.AbstractReportPage,org.spacious_team.table_wrapper.api.TableCellRange,java.lang.Class,int)	0	[false, false, false, false]		private	true	/Users/nima/Developer/TableWrapperAPI/src/main/java/org/spacious_team/table_wrapper/api/AbstractTable.java
214	org.spacious_team.table_wrapper.api.AbstractTable	getColumnIndices(java.util.Map)	0	[false]		private	true	/Users/nima/Developer/TableWrapperAPI/src/main/java/org/spacious_team/table_wrapper/api/AbstractTable.java
215	org.spacious_team.table_wrapper.api.AbstractTable	getData(java.lang.Object,java.util.function.Function)	77	[false, false]		public	true	/Users/nima/Developer/TableWrapperAPI/src/main/java/org/spacious_team/table_wrapper/api/AbstractTable.java
216	org.spacious_team.table_wrapper.api.AbstractTable	getDataCollection(java.lang.Object,java.util.function.Function)	79	[false, false]		public	true	/Users/nima/Developer/TableWrapperAPI/src/main/java/org/spacious_team/table_wrapper/api/AbstractTable.java
217	org.spacious_team.table_wrapper.api.AbstractTable	getDataCollection(java.lang.Object,java.util.function.Function,java.util.function.BiPredicate,java.util.function.BiFunction)	80	[false, false, false, false]		public	true	/Users/nima/Developer/TableWrapperAPI/src/main/java/org/spacious_team/table_wrapper/api/AbstractTable.java
218	org.spacious_team.table_wrapper.api.AbstractTable	getDataCollection(java.lang.Object,java.util.function.BiConsumer)	0	[false, false]		private	true	/Users/nima/Developer/TableWrapperAPI/src/main/java/org/spacious_team/table_wrapper/api/AbstractTable.java
219	org.spacious_team.table_wrapper.api.AbstractTable	addWithEqualityChecker(T,java.util.Collection,java.util.function.BiPredicate,java.util.function.BiFunction)	0	[false, false, false, false]		public	false	/Users/nima/Developer/TableWrapperAPI/src/main/java/org/spacious_team/table_wrapper/api/AbstractTable.java
220	org.spacious_team.table_wrapper.api.AbstractTable	stream()	82	[]	java.lang.Override	public	true	/Users/nima/Developer/TableWrapperAPI/src/main/java/org/spacious_team/table_wrapper/api/AbstractTable.java
221	org.spacious_team.table_wrapper.api.AbstractTable	iterator()	222	[]	java.lang.Override	public	true	/Users/nima/Developer/TableWrapperAPI/src/main/java/org/spacious_team/table_wrapper/api/AbstractTable.java
223	org.spacious_team.table_wrapper.api.AbstractTable$TableIterator	hasNext()	189	[]	java.lang.Override	public	false	/Users/nima/Developer/TableWrapperAPI/src/main/java/org/spacious_team/table_wrapper/api/AbstractTable.java
224	org.spacious_team.table_wrapper.api.AbstractTable$TableIterator	next()	191	[]	java.lang.Override	public	true	/Users/nima/Developer/TableWrapperAPI/src/main/java/org/spacious_team/table_wrapper/api/AbstractTable.java
225	org.spacious_team.table_wrapper.api.AbstractTable	getRow(int)	83	[false]	java.lang.Override	public	true	/Users/nima/Developer/TableWrapperAPI/src/main/java/org/spacious_team/table_wrapper/api/AbstractTable.java
226	org.spacious_team.table_wrapper.api.AbstractTable	findRow(java.lang.Object)	84	[false]	java.lang.Override	public	true	/Users/nima/Developer/TableWrapperAPI/src/main/java/org/spacious_team/table_wrapper/api/AbstractTable.java
227	org.spacious_team.table_wrapper.api.AbstractTable	findRowByPrefix(java.lang.String)	85	[false]	java.lang.Override	public	true	/Users/nima/Developer/TableWrapperAPI/src/main/java/org/spacious_team/table_wrapper/api/AbstractTable.java
228	org.spacious_team.table_wrapper.api.AbstractTable	getMutableTableRow(org.spacious_team.table_wrapper.api.TableCellAddress)	0	[false]		private	true	/Users/nima/Developer/TableWrapperAPI/src/main/java/org/spacious_team/table_wrapper/api/AbstractTable.java
229	org.spacious_team.table_wrapper.api.AbstractTable	getCellDataAccessObject()	0	[]		protected	true	/Users/nima/Developer/TableWrapperAPI/src/main/java/org/spacious_team/table_wrapper/api/AbstractTable.java
230	org.spacious_team.table_wrapper.api.AbstractTable	toString()	138	[]	java.lang.Override,java.lang.SuppressWarnings,lombok.Generated	public	true	/Users/nima/Developer/TableWrapperAPI/src/main/java/org/spacious_team/table_wrapper/api/AbstractTable.java
231	org.spacious_team.table_wrapper.api.AbstractTable	getReportPage()	75	[]	java.lang.SuppressWarnings,lombok.Generated	public	true	/Users/nima/Developer/TableWrapperAPI/src/main/java/org/spacious_team/table_wrapper/api/AbstractTable.java
232	org.spacious_team.table_wrapper.api.AbstractTable	getTableRange()	0	[]	java.lang.SuppressWarnings,lombok.Generated	public	true	/Users/nima/Developer/TableWrapperAPI/src/main/java/org/spacious_team/table_wrapper/api/AbstractTable.java
233	org.spacious_team.table_wrapper.api.AbstractTable	getHeaderDescription()	86	[]	java.lang.SuppressWarnings,lombok.Generated	public	true	/Users/nima/Developer/TableWrapperAPI/src/main/java/org/spacious_team/table_wrapper/api/AbstractTable.java
234	org.spacious_team.table_wrapper.api.AbstractTable	isEmpty()	81	[]	java.lang.SuppressWarnings,lombok.Generated	public	false	/Users/nima/Developer/TableWrapperAPI/src/main/java/org/spacious_team/table_wrapper/api/AbstractTable.java
235	org.spacious_team.table_wrapper.api.MutableTableRow	getCell(org.spacious_team.table_wrapper.api.TableColumnDescription)	90	[false]		public	true	/Users/nima/Developer/TableWrapperAPI/src/main/java/org/spacious_team/table_wrapper/api/MutableTableRow.java
236	org.spacious_team.table_wrapper.api.MutableTableRow	getCell(int)	108	[false]	java.lang.Override	public	true	/Users/nima/Developer/TableWrapperAPI/src/main/java/org/spacious_team/table_wrapper/api/MutableTableRow.java
237	org.spacious_team.table_wrapper.api.MutableTableRow	getRowNum()	109	[]	java.lang.Override	public	false	/Users/nima/Developer/TableWrapperAPI/src/main/java/org/spacious_team/table_wrapper/api/MutableTableRow.java
238	org.spacious_team.table_wrapper.api.MutableTableRow	getFirstCellNum()	110	[]	java.lang.Override	public	false	/Users/nima/Developer/TableWrapperAPI/src/main/java/org/spacious_team/table_wrapper/api/MutableTableRow.java
239	org.spacious_team.table_wrapper.api.MutableTableRow	getLastCellNum()	111	[]	java.lang.Override	public	false	/Users/nima/Developer/TableWrapperAPI/src/main/java/org/spacious_team/table_wrapper/api/MutableTableRow.java
240	org.spacious_team.table_wrapper.api.MutableTableRow	rowContains(java.lang.Object)	112	[false]	java.lang.Override	public	false	/Users/nima/Developer/TableWrapperAPI/src/main/java/org/spacious_team/table_wrapper/api/MutableTableRow.java
241	org.spacious_team.table_wrapper.api.MutableTableRow	iterator()	222	[]	java.lang.Override	public	true	/Users/nima/Developer/TableWrapperAPI/src/main/java/org/spacious_team/table_wrapper/api/MutableTableRow.java
242	org.spacious_team.table_wrapper.api.MutableTableRow	getCellValue(org.spacious_team.table_wrapper.api.TableColumnDescription)	91	[false]		public	true	/Users/nima/Developer/TableWrapperAPI/src/main/java/org/spacious_team/table_wrapper/api/MutableTableRow.java
243	org.spacious_team.table_wrapper.api.MutableTableRow	getIntCellValue(org.spacious_team.table_wrapper.api.TableColumnDescription)	92	[false]		public	false	/Users/nima/Developer/TableWrapperAPI/src/main/java/org/spacious_team/table_wrapper/api/MutableTableRow.java
244	org.spacious_team.table_wrapper.api.MutableTableRow	getLongCellValue(org.spacious_team.table_wrapper.api.TableColumnDescription)	93	[false]		public	false	/Users/nima/Developer/TableWrapperAPI/src/main/java/org/spacious_team/table_wrapper/api/MutableTableRow.java
245	org.spacious_team.table_wrapper.api.MutableTableRow	getDoubleCellValue(org.spacious_team.table_wrapper.api.TableColumnDescription)	94	[false]		public	false	/Users/nima/Developer/TableWrapperAPI/src/main/java/org/spacious_team/table_wrapper/api/MutableTableRow.java
246	org.spacious_team.table_wrapper.api.MutableTableRow	getBigDecimalCellValue(org.spacious_team.table_wrapper.api.TableColumnDescription)	95	[false]		public	true	/Users/nima/Developer/TableWrapperAPI/src/main/java/org/spacious_team/table_wrapper/api/MutableTableRow.java
247	org.spacious_team.table_wrapper.api.MutableTableRow	getStringCellValue(org.spacious_team.table_wrapper.api.TableColumnDescription)	96	[false]		public	true	/Users/nima/Developer/TableWrapperAPI/src/main/java/org/spacious_team/table_wrapper/api/MutableTableRow.java
248	org.spacious_team.table_wrapper.api.MutableTableRow	getInstantCellValue(org.spacious_team.table_wrapper.api.TableColumnDescription)	97	[false]		public	true	/Users/nima/Developer/TableWrapperAPI/src/main/java/org/spacious_team/table_wrapper/api/MutableTableRow.java
249	org.spacious_team.table_wrapper.api.MutableTableRow	getLocalDateTimeCellValue(org.spacious_team.table_wrapper.api.TableColumnDescription)	98	[false]		public	true	/Users/nima/Developer/TableWrapperAPI/src/main/java/org/spacious_team/table_wrapper/api/MutableTableRow.java
250	org.spacious_team.table_wrapper.api.MutableTableRow	getCellIndex(org.spacious_team.table_wrapper.api.TableColumnDescription)	0	[false]		private	true	/Users/nima/Developer/TableWrapperAPI/src/main/java/org/spacious_team/table_wrapper/api/MutableTableRow.java
251	org.spacious_team.table_wrapper.api.MutableTableRow	clone()	107	[]	java.lang.SuppressWarnings	public	true	/Users/nima/Developer/TableWrapperAPI/src/main/java/org/spacious_team/table_wrapper/api/MutableTableRow.java
252	org.spacious_team.table_wrapper.api.MutableTableRow	MutableTableRow(org.spacious_team.table_wrapper.api.Table,org.spacious_team.table_wrapper.api.CellDataAccessObject)	0	[false, false]	java.lang.SuppressWarnings,lombok.Generated	public	false	/Users/nima/Developer/TableWrapperAPI/src/main/java/org/spacious_team/table_wrapper/api/MutableTableRow.java
253	org.spacious_team.table_wrapper.api.MutableTableRow	getTable()	89	[]	java.lang.SuppressWarnings,lombok.Generated	public	true	/Users/nima/Developer/TableWrapperAPI/src/main/java/org/spacious_team/table_wrapper/api/MutableTableRow.java
254	org.spacious_team.table_wrapper.api.MutableTableRow	getDao()	0	[]	java.lang.SuppressWarnings,lombok.Generated	public	true	/Users/nima/Developer/TableWrapperAPI/src/main/java/org/spacious_team/table_wrapper/api/MutableTableRow.java
255	org.spacious_team.table_wrapper.api.MutableTableRow	getRow()	0	[]	java.lang.SuppressWarnings,lombok.Generated	public	true	/Users/nima/Developer/TableWrapperAPI/src/main/java/org/spacious_team/table_wrapper/api/MutableTableRow.java
256	org.spacious_team.table_wrapper.api.MutableTableRow	equals(java.lang.Object)	133	[false]	java.lang.Override,java.lang.SuppressWarnings,lombok.Generated	public	false	/Users/nima/Developer/TableWrapperAPI/src/main/java/org/spacious_team/table_wrapper/api/MutableTableRow.java
257	org.spacious_team.table_wrapper.api.MutableTableRow	canEqual(java.lang.Object)	0	[false]	java.lang.SuppressWarnings,lombok.Generated	protected	false	/Users/nima/Developer/TableWrapperAPI/src/main/java/org/spacious_team/table_wrapper/api/MutableTableRow.java
258	org.spacious_team.table_wrapper.api.MutableTableRow	hashCode()	136	[]	java.lang.Override,java.lang.SuppressWarnings,lombok.Generated	public	false	/Users/nima/Developer/TableWrapperAPI/src/main/java/org/spacious_team/table_wrapper/api/MutableTableRow.java
259	org.spacious_team.table_wrapper.api.MutableTableRow	toString()	138	[]	java.lang.Override,java.lang.SuppressWarnings,lombok.Generated	public	true	/Users/nima/Developer/TableWrapperAPI/src/main/java/org/spacious_team/table_wrapper/api/MutableTableRow.java
260	org.spacious_team.table_wrapper.api.MutableTableRow	setRow(T)	0	[false]	java.lang.SuppressWarnings,lombok.Generated	package	false	/Users/nima/Developer/TableWrapperAPI/src/main/java/org/spacious_team/table_wrapper/api/MutableTableRow.java
261	org.spacious_team.table_wrapper.api.TableColumnImpl	of(java.lang.String[])	0	[false]		public	true	/Users/nima/Developer/TableWrapperAPI/src/main/java/org/spacious_team/table_wrapper/api/TableColumnImpl.java
262	org.spacious_team.table_wrapper.api.TableColumnImpl	TableColumnImpl(java.lang.String[])	0	[false]		private	false	/Users/nima/Developer/TableWrapperAPI/src/main/java/org/spacious_team/table_wrapper/api/TableColumnImpl.java
263	org.spacious_team.table_wrapper.api.TableColumnImpl	getColumnIndex(int,org.spacious_team.table_wrapper.api.ReportPageRow[])	148	[false, false]		public	false	/Users/nima/Developer/TableWrapperAPI/src/main/java/org/spacious_team/table_wrapper/api/TableColumnImpl.java
264	org.spacious_team.table_wrapper.api.TableColumnImpl	containsWord(java.lang.String,java.lang.String)	0	[false, false]		private	false	/Users/nima/Developer/TableWrapperAPI/src/main/java/org/spacious_team/table_wrapper/api/TableColumnImpl.java
265	org.spacious_team.table_wrapper.api.TableColumnImpl	toString()	138	[]	java.lang.Override,java.lang.SuppressWarnings,lombok.Generated	public	true	/Users/nima/Developer/TableWrapperAPI/src/main/java/org/spacious_team/table_wrapper/api/TableColumnImpl.java
266	org.spacious_team.table_wrapper.api.TableColumnImpl	equals(java.lang.Object)	133	[false]	java.lang.Override,java.lang.SuppressWarnings,lombok.Generated	public	false	/Users/nima/Developer/TableWrapperAPI/src/main/java/org/spacious_team/table_wrapper/api/TableColumnImpl.java
267	org.spacious_team.table_wrapper.api.TableColumnImpl	canEqual(java.lang.Object)	0	[false]	java.lang.SuppressWarnings,lombok.Generated	protected	false	/Users/nima/Developer/TableWrapperAPI/src/main/java/org/spacious_team/table_wrapper/api/TableColumnImpl.java
268	org.spacious_team.table_wrapper.api.TableColumnImpl	hashCode()	136	[]	java.lang.Override,java.lang.SuppressWarnings,lombok.Generated	public	false	/Users/nima/Developer/TableWrapperAPI/src/main/java/org/spacious_team/table_wrapper/api/TableColumnImpl.java
269	org.spacious_team.table_wrapper.api.OptionalTableColumn	of(org.spacious_team.table_wrapper.api.TableColumn)	0	[false]		public	true	/Users/nima/Developer/TableWrapperAPI/src/main/java/org/spacious_team/table_wrapper/api/OptionalTableColumn.java
270	org.spacious_team.table_wrapper.api.OptionalTableColumn	OptionalTableColumn()	0	[]		private	false	/Users/nima/Developer/TableWrapperAPI/src/main/java/org/spacious_team/table_wrapper/api/OptionalTableColumn.java
271	org.spacious_team.table_wrapper.api.OptionalTableColumn	getColumnIndex(int,org.spacious_team.table_wrapper.api.ReportPageRow[])	148	[false, false]	java.lang.Override	public	false	/Users/nima/Developer/TableWrapperAPI/src/main/java/org/spacious_team/table_wrapper/api/OptionalTableColumn.java
